<?xml version="1.0" encoding="UTF-8"?>
<!DOCTYPE score-partwise PUBLIC "-//Recordare//DTD MusicXML 3.1 Partwise//EN" "http://www.musicxml.org/dtds/partwise.dtd">
<score-partwise version="3.1">
  <work>
    <work-title>Pac Man Theme</work-title>
    </work>
  <identification>
    <encoding>
      <software>MuseScore 3.6.1</software>
      <encoding-date>2021-04-20</encoding-date>
      <supports element="accidental" type="yes"/>
      <supports element="beam" type="yes"/>
      <supports element="print" attribute="new-page" type="yes" value="yes"/>
      <supports element="print" attribute="new-system" type="yes" value="yes"/>
      <supports element="stem" type="yes"/>
      </encoding>
    </identification>
  <defaults>
    <scaling>
      <millimeters>7</millimeters>
      <tenths>40</tenths>
      </scaling>
    <page-layout>
      <page-height>1697.14</page-height>
      <page-width>1200</page-width>
      <page-margins type="even">
        <left-margin>85.7143</left-margin>
        <right-margin>85.7143</right-margin>
        <top-margin>85.7143</top-margin>
        <bottom-margin>85.7143</bottom-margin>
        </page-margins>
      <page-margins type="odd">
        <left-margin>85.7143</left-margin>
        <right-margin>85.7143</right-margin>
        <top-margin>85.7143</top-margin>
        <bottom-margin>85.7143</bottom-margin>
        </page-margins>
      </page-layout>
    <word-font font-family="Edwin" font-size="10"/>
    <lyric-font font-family="Edwin" font-size="10"/>
    </defaults>
  <credit page="1">
    <credit-type>title</credit-type>
    <credit-words default-x="600" default-y="1582.61" justify="center" valign="top" font-size="22">Pac Man Theme</credit-words>
    </credit>
  <part-list>
    <score-part id="P1">
      <part-name>Piano</part-name>
      <part-abbreviation>Pno.</part-abbreviation>
      <score-instrument id="P1-I1">
        <instrument-name>Piano</instrument-name>
        </score-instrument>
      <midi-device id="P1-I1" port="1"></midi-device>
      <midi-instrument id="P1-I1">
        <midi-channel>1</midi-channel>
        <midi-program>1</midi-program>
        <volume>78.7402</volume>
        <pan>0</pan>
        </midi-instrument>
      </score-part>
    </part-list>
  <part id="P1">
    <measure number="1" width="462.51">
      <print>
        <system-layout>
          <system-margins>
            <left-margin>65.90</left-margin>
            <right-margin>0.00</right-margin>
            </system-margins>
          <top-system-distance>170.00</top-system-distance>
          </system-layout>
        <staff-layout number="2">
          <staff-distance>65.00</staff-distance>
          </staff-layout>
        </print>
      <attributes>
        <divisions>8</divisions>
        <key>
          <fifths>0</fifths>
          </key>
        <time>
          <beats>4</beats>
          <beat-type>4</beat-type>
          </time>
        <staves>2</staves>
        <clef number="1">
          <sign>G</sign>
          <line>2</line>
          <clef-octave-change>1</clef-octave-change>
          </clef>
        <clef number="2">
          <sign>F</sign>
          <line>4</line>
          </clef>
        </attributes>
      <direction placement="above">
        <direction-type>
          <metronome parentheses="no" default-x="-41.18" default-y="0.32" relative-y="20.00">
            <beat-unit>quarter</beat-unit>
            <per-minute>110</per-minute>
            </metronome>
          </direction-type>
        <staff>1</staff>
        <sound tempo="110"/>
        </direction>
      <note default-x="86.99" default-y="-55.00">
        <pitch>
          <step>B</step>
          <octave>4</octave>
          </pitch>
        <duration>2</duration>
        <voice>1</voice>
        <type>16th</type>
        <stem>up</stem>
        <staff>1</staff>
        <beam number="1">begin</beam>
        <beam number="2">begin</beam>
        </note>
      <note default-x="109.44" default-y="-20.00">
        <pitch>
          <step>B</step>
          <octave>5</octave>
          </pitch>
        <duration>2</duration>
        <voice>1</voice>
        <type>16th</type>
        <stem>up</stem>
        <staff>1</staff>
        <beam number="1">continue</beam>
        <beam number="2">continue</beam>
        </note>
      <note default-x="138.90" default-y="-35.00">
        <pitch>
          <step>F</step>
          <alter>1</alter>
          <octave>5</octave>
          </pitch>
        <duration>2</duration>
        <voice>1</voice>
        <type>16th</type>
        <accidental>sharp</accidental>
        <stem>up</stem>
        <staff>1</staff>
        <beam number="1">continue</beam>
        <beam number="2">continue</beam>
        </note>
      <note default-x="168.35" default-y="-45.00">
        <pitch>
          <step>D</step>
          <alter>1</alter>
          <octave>5</octave>
          </pitch>
        <duration>2</duration>
        <voice>1</voice>
        <type>16th</type>
        <accidental>sharp</accidental>
        <stem>up</stem>
        <staff>1</staff>
        <beam number="1">end</beam>
        <beam number="2">end</beam>
        </note>
      <note default-x="190.80" default-y="-20.00">
        <pitch>
          <step>B</step>
          <octave>5</octave>
          </pitch>
        <duration>1</duration>
        <voice>1</voice>
        <type>32nd</type>
        <stem>up</stem>
        <staff>1</staff>
        <beam number="1">begin</beam>
        <beam number="2">begin</beam>
        <beam number="3">forward hook</beam>
        </note>
      <note default-x="205.80" default-y="-35.00">
        <pitch>
          <step>F</step>
          <alter>1</alter>
          <octave>5</octave>
          </pitch>
        <duration>3</duration>
        <voice>1</voice>
        <type>16th</type>
        <dot/>
        <stem>up</stem>
        <staff>1</staff>
        <beam number="1">continue</beam>
        <beam number="2">end</beam>
        </note>
      <note default-x="233.18" default-y="-45.00">
        <pitch>
          <step>D</step>
          <alter>1</alter>
          <octave>5</octave>
          </pitch>
        <duration>4</duration>
        <voice>1</voice>
        <type>eighth</type>
        <stem>up</stem>
        <staff>1</staff>
        <beam number="1">end</beam>
        </note>
      <note default-x="278.08" default-y="-50.00">
        <pitch>
          <step>C</step>
          <octave>5</octave>
          </pitch>
        <duration>2</duration>
        <voice>1</voice>
        <type>16th</type>
        <stem>up</stem>
        <staff>1</staff>
        <beam number="1">begin</beam>
        <beam number="2">begin</beam>
        </note>
      <note default-x="300.53" default-y="-15.00">
        <pitch>
          <step>C</step>
          <octave>6</octave>
          </pitch>
        <duration>2</duration>
        <voice>1</voice>
        <type>16th</type>
        <stem>up</stem>
        <staff>1</staff>
        <beam number="1">continue</beam>
        <beam number="2">continue</beam>
        </note>
      <note default-x="322.98" default-y="-30.00">
        <pitch>
          <step>G</step>
          <octave>5</octave>
          </pitch>
        <duration>2</duration>
        <voice>1</voice>
        <type>16th</type>
        <stem>up</stem>
        <staff>1</staff>
        <beam number="1">continue</beam>
        <beam number="2">continue</beam>
        </note>
      <note default-x="345.43" default-y="-40.00">
        <pitch>
          <step>E</step>
          <octave>5</octave>
          </pitch>
        <duration>2</duration>
        <voice>1</voice>
        <type>16th</type>
        <stem>up</stem>
        <staff>1</staff>
        <beam number="1">end</beam>
        <beam number="2">end</beam>
        </note>
      <note default-x="367.89" default-y="-15.00">
        <pitch>
          <step>C</step>
          <octave>6</octave>
          </pitch>
        <duration>1</duration>
        <voice>1</voice>
        <type>32nd</type>
        <stem>up</stem>
        <staff>1</staff>
        <beam number="1">begin</beam>
        <beam number="2">begin</beam>
        <beam number="3">forward hook</beam>
        </note>
      <note default-x="382.88" default-y="-30.00">
        <pitch>
          <step>G</step>
          <octave>5</octave>
          </pitch>
        <duration>3</duration>
        <voice>1</voice>
        <type>16th</type>
        <dot/>
        <stem>up</stem>
        <staff>1</staff>
        <beam number="1">continue</beam>
        <beam number="2">end</beam>
        </note>
      <note default-x="410.26" default-y="-40.00">
        <pitch>
          <step>E</step>
          <octave>5</octave>
          </pitch>
        <duration>4</duration>
        <voice>1</voice>
        <type>eighth</type>
        <stem>up</stem>
        <staff>1</staff>
        <beam number="1">end</beam>
        </note>
      <backup>
        <duration>32</duration>
        </backup>
      <note default-x="86.99" default-y="-170.00">
        <pitch>
          <step>B</step>
          <octave>1</octave>
          </pitch>
        <duration>6</duration>
        <voice>5</voice>
        <type>eighth</type>
        <dot/>
        <stem>up</stem>
        <staff>2</staff>
        <beam number="1">begin</beam>
        </note>
      <note default-x="168.35" default-y="-135.00">
        <pitch>
          <step>B</step>
          <octave>2</octave>
          </pitch>
        <duration>2</duration>
        <voice>5</voice>
        <type>16th</type>
        <stem>up</stem>
        <staff>2</staff>
        <beam number="1">end</beam>
        <beam number="2">backward hook</beam>
        </note>
      <note default-x="190.80" default-y="-170.00">
        <pitch>
          <step>B</step>
          <octave>1</octave>
          </pitch>
        <duration>6</duration>
        <voice>5</voice>
        <type>eighth</type>
        <dot/>
        <stem>up</stem>
        <staff>2</staff>
        <beam number="1">begin</beam>
        </note>
      <note default-x="255.63" default-y="-135.00">
        <pitch>
          <step>B</step>
          <octave>2</octave>
          </pitch>
        <duration>2</duration>
        <voice>5</voice>
        <type>16th</type>
        <stem>up</stem>
        <staff>2</staff>
        <beam number="1">end</beam>
        <beam number="2">backward hook</beam>
        </note>
      <note default-x="278.08" default-y="-165.00">
        <pitch>
          <step>C</step>
          <octave>2</octave>
          </pitch>
        <duration>6</duration>
        <voice>5</voice>
        <type>eighth</type>
        <dot/>
        <stem>up</stem>
        <staff>2</staff>
        <beam number="1">begin</beam>
        </note>
      <note default-x="345.43" default-y="-130.00">
        <pitch>
          <step>C</step>
          <octave>3</octave>
          </pitch>
        <duration>2</duration>
        <voice>5</voice>
        <type>16th</type>
        <stem>up</stem>
        <staff>2</staff>
        <beam number="1">end</beam>
        <beam number="2">backward hook</beam>
        </note>
      <note default-x="367.89" default-y="-165.00">
        <pitch>
          <step>C</step>
          <octave>2</octave>
          </pitch>
        <duration>6</duration>
        <voice>5</voice>
        <type>eighth</type>
        <dot/>
        <stem>up</stem>
        <staff>2</staff>
        <beam number="1">begin</beam>
        </note>
      <note default-x="432.71" default-y="-130.00">
        <pitch>
          <step>C</step>
          <octave>3</octave>
          </pitch>
        <duration>2</duration>
        <voice>5</voice>
        <type>16th</type>
        <stem>up</stem>
        <staff>2</staff>
        <beam number="1">end</beam>
        <beam number="2">backward hook</beam>
        </note>
      </measure>
    <measure number="2" width="500.16">
      <note default-x="16.50" default-y="-55.00">
        <pitch>
          <step>B</step>
          <octave>4</octave>
          </pitch>
        <duration>2</duration>
        <voice>1</voice>
        <type>16th</type>
        <stem>up</stem>
        <staff>1</staff>
        <beam number="1">begin</beam>
        <beam number="2">begin</beam>
        </note>
      <note default-x="42.73" default-y="-20.00">
        <pitch>
          <step>B</step>
          <octave>5</octave>
          </pitch>
        <duration>2</duration>
        <voice>1</voice>
        <type>16th</type>
        <stem>up</stem>
        <staff>1</staff>
        <beam number="1">continue</beam>
        <beam number="2">continue</beam>
        </note>
      <note default-x="72.19" default-y="-35.00">
        <pitch>
          <step>F</step>
          <alter>1</alter>
          <octave>5</octave>
          </pitch>
        <duration>2</duration>
        <voice>1</voice>
        <type>16th</type>
        <accidental>sharp</accidental>
        <stem>up</stem>
        <staff>1</staff>
        <beam number="1">continue</beam>
        <beam number="2">continue</beam>
        </note>
      <note default-x="101.64" default-y="-45.00">
        <pitch>
          <step>D</step>
          <alter>1</alter>
          <octave>5</octave>
          </pitch>
        <duration>2</duration>
        <voice>1</voice>
        <type>16th</type>
        <accidental>sharp</accidental>
        <stem>up</stem>
        <staff>1</staff>
        <beam number="1">end</beam>
        <beam number="2">end</beam>
        </note>
      <note default-x="127.87" default-y="-20.00">
        <pitch>
          <step>B</step>
          <octave>5</octave>
          </pitch>
        <duration>1</duration>
        <voice>1</voice>
        <type>32nd</type>
        <stem>up</stem>
        <staff>1</staff>
        <beam number="1">begin</beam>
        <beam number="2">begin</beam>
        <beam number="3">forward hook</beam>
        </note>
      <note default-x="144.27" default-y="-35.00">
        <pitch>
          <step>F</step>
          <alter>1</alter>
          <octave>5</octave>
          </pitch>
        <duration>3</duration>
        <voice>1</voice>
        <type>16th</type>
        <dot/>
        <stem>up</stem>
        <staff>1</staff>
        <beam number="1">continue</beam>
        <beam number="2">end</beam>
        </note>
      <note default-x="176.25" default-y="-45.00">
        <pitch>
          <step>D</step>
          <alter>1</alter>
          <octave>5</octave>
          </pitch>
        <duration>4</duration>
        <voice>1</voice>
        <type>eighth</type>
        <stem>up</stem>
        <staff>1</staff>
        <beam number="1">end</beam>
        </note>
      <note default-x="231.93" default-y="-45.00">
        <pitch>
          <step>D</step>
          <alter>1</alter>
          <octave>5</octave>
          </pitch>
        <duration>1</duration>
        <voice>1</voice>
        <type>32nd</type>
        <stem>up</stem>
        <staff>1</staff>
        <beam number="1">begin</beam>
        <beam number="2">begin</beam>
        <beam number="3">begin</beam>
        </note>
      <note default-x="248.33" default-y="-40.00">
        <pitch>
          <step>E</step>
          <octave>5</octave>
          </pitch>
        <duration>1</duration>
        <voice>1</voice>
        <type>32nd</type>
        <stem>up</stem>
        <staff>1</staff>
        <beam number="1">continue</beam>
        <beam number="2">continue</beam>
        <beam number="3">end</beam>
        </note>
      <note default-x="274.86" default-y="-35.00">
        <pitch>
          <step>F</step>
          <octave>5</octave>
          </pitch>
        <duration>2</duration>
        <voice>1</voice>
        <type>16th</type>
        <accidental>natural</accidental>
        <stem>up</stem>
        <staff>1</staff>
        <beam number="1">end</beam>
        <beam number="2">end</beam>
        </note>
      <note default-x="301.09" default-y="-35.00">
        <pitch>
          <step>F</step>
          <octave>5</octave>
          </pitch>
        <duration>1</duration>
        <voice>1</voice>
        <type>32nd</type>
        <stem>up</stem>
        <staff>1</staff>
        <beam number="1">begin</beam>
        <beam number="2">begin</beam>
        <beam number="3">begin</beam>
        </note>
      <note default-x="330.55" default-y="-35.00">
        <pitch>
          <step>F</step>
          <alter>1</alter>
          <octave>5</octave>
          </pitch>
        <duration>1</duration>
        <voice>1</voice>
        <type>32nd</type>
        <accidental>sharp</accidental>
        <stem>up</stem>
        <staff>1</staff>
        <beam number="1">continue</beam>
        <beam number="2">continue</beam>
        <beam number="3">end</beam>
        </note>
      <note default-x="346.94" default-y="-30.00">
        <pitch>
          <step>G</step>
          <octave>5</octave>
          </pitch>
        <duration>2</duration>
        <voice>1</voice>
        <type>16th</type>
        <stem>up</stem>
        <staff>1</staff>
        <beam number="1">end</beam>
        <beam number="2">end</beam>
        </note>
      <note default-x="373.17" default-y="-30.00">
        <pitch>
          <step>G</step>
          <octave>5</octave>
          </pitch>
        <duration>1</duration>
        <voice>1</voice>
        <type>32nd</type>
        <stem>up</stem>
        <staff>1</staff>
        <beam number="1">begin</beam>
        <beam number="2">begin</beam>
        <beam number="3">begin</beam>
        </note>
      <note default-x="402.63" default-y="-30.00">
        <pitch>
          <step>G</step>
          <alter>1</alter>
          <octave>5</octave>
          </pitch>
        <duration>1</duration>
        <voice>1</voice>
        <type>32nd</type>
        <accidental>sharp</accidental>
        <stem>up</stem>
        <staff>1</staff>
        <beam number="1">continue</beam>
        <beam number="2">continue</beam>
        <beam number="3">end</beam>
        </note>
      <note default-x="419.02" default-y="-25.00">
        <pitch>
          <step>A</step>
          <octave>5</octave>
          </pitch>
        <duration>2</duration>
        <voice>1</voice>
        <type>16th</type>
        <stem>up</stem>
        <staff>1</staff>
        <beam number="1">continue</beam>
        <beam number="2">end</beam>
        </note>
      <note default-x="445.25" default-y="-20.00">
        <pitch>
          <step>B</step>
          <octave>5</octave>
          </pitch>
        <duration>4</duration>
        <voice>1</voice>
        <type>eighth</type>
        <stem>up</stem>
        <staff>1</staff>
        <beam number="1">end</beam>
        </note>
      <backup>
        <duration>32</duration>
        </backup>
      <note default-x="16.50" default-y="-170.00">
        <pitch>
          <step>B</step>
          <octave>1</octave>
          </pitch>
        <duration>6</duration>
        <voice>5</voice>
        <type>eighth</type>
        <dot/>
        <stem>up</stem>
        <staff>2</staff>
        <beam number="1">begin</beam>
        </note>
      <note default-x="101.64" default-y="-135.00">
        <pitch>
          <step>B</step>
          <octave>2</octave>
          </pitch>
        <duration>2</duration>
        <voice>5</voice>
        <type>16th</type>
        <stem>up</stem>
        <staff>2</staff>
        <beam number="1">end</beam>
        <beam number="2">backward hook</beam>
        </note>
      <note default-x="127.87" default-y="-170.00">
        <pitch>
          <step>B</step>
          <octave>1</octave>
          </pitch>
        <duration>6</duration>
        <voice>5</voice>
        <type>eighth</type>
        <dot/>
        <stem>up</stem>
        <staff>2</staff>
        <beam number="1">begin</beam>
        </note>
      <note default-x="202.48" default-y="-135.00">
        <pitch>
          <step>B</step>
          <octave>2</octave>
          </pitch>
        <duration>2</duration>
        <voice>5</voice>
        <type>16th</type>
        <stem>up</stem>
        <staff>2</staff>
        <beam number="1">end</beam>
        <beam number="2">backward hook</beam>
        </note>
      <note default-x="231.93" default-y="-150.00">
        <pitch>
          <step>F</step>
          <alter>1</alter>
          <octave>2</octave>
          </pitch>
        <duration>4</duration>
        <voice>5</voice>
        <type>eighth</type>
        <accidental>sharp</accidental>
        <stem>up</stem>
        <staff>2</staff>
        <beam number="1">begin</beam>
        </note>
      <note default-x="301.09" default-y="-140.00">
        <pitch>
          <step>A</step>
          <alter>-1</alter>
          <octave>2</octave>
          </pitch>
        <duration>4</duration>
        <voice>5</voice>
        <type>eighth</type>
        <accidental>flat</accidental>
        <stem>up</stem>
        <staff>2</staff>
        <beam number="1">continue</beam>
        </note>
      <note default-x="373.17" default-y="-135.00">
        <pitch>
          <step>B</step>
          <alter>-1</alter>
          <octave>2</octave>
          </pitch>
        <duration>4</duration>
        <voice>5</voice>
        <type>eighth</type>
        <accidental>flat</accidental>
        <stem>up</stem>
        <staff>2</staff>
        <beam number="1">continue</beam>
        </note>
      <note default-x="445.25" default-y="-135.00">
        <pitch>
          <step>B</step>
          <octave>2</octave>
          </pitch>
        <duration>4</duration>
        <voice>5</voice>
        <type>eighth</type>
        <accidental>natural</accidental>
        <stem>up</stem>
        <staff>2</staff>
        <beam number="1">end</beam>
        </note>
      <barline location="right">
        <bar-style>light-heavy</bar-style>
        <repeat direction="backward"/>
        </barline>
      </measure>
    </part>
  </score-partwise>
